<?xml version="1.0" encoding="UTF-8" ?>
<!-- This is a WordPress eXtended RSS file generated by WordPress as an export of your site. -->
<!-- It contains information about your site's posts, pages, comments, categories, and other content. -->
<!-- You may use this file to transfer that content from one site to another. -->
<!-- This file is not intended to serve as a complete backup of your site. -->

<!-- To import this information into a WordPress site follow these steps: -->
<!-- 1. Log in to that site as an administrator. -->
<!-- 2. Go to Tools: Import in the WordPress admin panel. -->
<!-- 3. Install the "WordPress" importer from the list. -->
<!-- 4. Activate & Run Importer. -->
<!-- 5. Upload this file using the form provided on that page. -->
<!-- 6. You will first be asked to map the authors in this export file to users -->
<!--    on the site. For each author, you may choose to map to an -->
<!--    existing user on the site or to create a new user. -->
<!-- 7. WordPress will then import each of the posts, pages, comments, categories, etc. -->
<!--    contained in this file into your site. -->

<!-- generator="WordPress/4.4.1" created="2016-01-29 05:43" -->
<rss version="2.0"
	xmlns:excerpt="http://wordpress.org/export/1.2/excerpt/"
	xmlns:content="http://purl.org/rss/1.0/modules/content/"
	xmlns:wfw="http://wellformedweb.org/CommentAPI/"
	xmlns:dc="http://purl.org/dc/elements/1.1/"
	xmlns:wp="http://wordpress.org/export/1.2/"
>

<channel>
	<title>Service</title>
	<link>http://motors.stylemixthemes.com/demo</link>
	<description>Just another WordPress site</description>
	<pubDate>Fri, 29 Jan 2016 05:43:35 +0000</pubDate>
	<language>en-US</language>
	<wp:wxr_version>1.2</wp:wxr_version>
	<wp:base_site_url>http://motors.stylemixthemes.com/demo</wp:base_site_url>
	<wp:base_blog_url>http://motors.stylemixthemes.com/demo</wp:base_blog_url>

	<wp:category><wp:term_id>1</wp:term_id><wp:category_nicename><![CDATA[uncategorized]]></wp:category_nicename><wp:category_parent><![CDATA[]]></wp:category_parent><wp:cat_name><![CDATA[Uncategorized]]></wp:cat_name></wp:category>
	<wp:term><wp:term_id><![CDATA[5]]></wp:term_id><wp:term_taxonomy><![CDATA[product_type]]></wp:term_taxonomy><wp:term_slug><![CDATA[external]]></wp:term_slug><wp:term_parent><![CDATA[]]></wp:term_parent><wp:term_name><![CDATA[external]]></wp:term_name></wp:term>
	<wp:term><wp:term_id><![CDATA[3]]></wp:term_id><wp:term_taxonomy><![CDATA[product_type]]></wp:term_taxonomy><wp:term_slug><![CDATA[grouped]]></wp:term_slug><wp:term_parent><![CDATA[]]></wp:term_parent><wp:term_name><![CDATA[grouped]]></wp:term_name></wp:term>
	<wp:term><wp:term_id><![CDATA[2]]></wp:term_id><wp:term_taxonomy><![CDATA[product_type]]></wp:term_taxonomy><wp:term_slug><![CDATA[simple]]></wp:term_slug><wp:term_parent><![CDATA[]]></wp:term_parent><wp:term_name><![CDATA[simple]]></wp:term_name></wp:term>
	<wp:term><wp:term_id><![CDATA[4]]></wp:term_id><wp:term_taxonomy><![CDATA[product_type]]></wp:term_taxonomy><wp:term_slug><![CDATA[variable]]></wp:term_slug><wp:term_parent><![CDATA[]]></wp:term_parent><wp:term_name><![CDATA[variable]]></wp:term_name></wp:term>
	<wp:term><wp:term_id>6</wp:term_id><wp:term_taxonomy>nav_menu</wp:term_taxonomy><wp:term_slug><![CDATA[primary-menu]]></wp:term_slug><wp:term_name><![CDATA[Primary menu]]></wp:term_name></wp:term>

	<generator>https://wordpress.org/?v=4.4.1</generator>

	<item>
		<title>Home page</title>
		<link>http://motors.stylemixthemes.com/demo/</link>
		<pubDate>Wed, 27 Jan 2016 10:56:48 +0000</pubDate>
		<dc:creator><![CDATA[admin]]></dc:creator>
		<guid isPermaLink="false">http://motors.stylemixthemes.com/demo/?page_id=7</guid>
		<description></description>
		<content:encoded><![CDATA[[vc_row][vc_column][rev_slider_vc alias="service_home_slider"][/vc_column][/vc_row][vc_row el_id="advantages"][vc_column][vc_row_inner css=".vc_custom_1453099089471{padding-top: 99px !important;padding-bottom: 22px !important;}"][vc_column_inner offset="vc_col-lg-4 vc_col-md-4 vc_col-xs-12"][stm_service_icon_box icon="stm-service-icon-calendar_service" title="Online Appointment"]Duis arcu velit, accumsan nec turpis sed, iaculis interdum nunc. Morbi non tristique urna, at feugiat nunc.[/stm_service_icon_box][stm_service_icon_box icon="stm-service-icon-cash_dollar" title="Best services prices " icon_size="47"]Duis arcu velit, accumsan nec turpis sed, iaculis interdum nunc. Morbi non tristique urna, at feugiat nunc.[/stm_service_icon_box][/vc_column_inner][vc_column_inner offset="vc_col-lg-4 vc_col-md-4 vc_col-xs-12"][stm_service_icon_box icon="stm-service-icon-diagnostic_monitor" title="Free Diagnosis &amp; Brake Checks" icon_size="43"]Duis arcu velit, accumsan nec turpis sed, iaculis interdum nunc. Morbi non tristique urna, at feugiat nunc.[/stm_service_icon_box][stm_service_icon_box icon="stm-service-icon-like_it" title="Highest Rated Repair Shop" icon_size="43"]Duis arcu velit, accumsan nec turpis sed, iaculis interdum nunc. Morbi non tristique urna, at feugiat nunc.[/stm_service_icon_box][/vc_column_inner][vc_column_inner offset="vc_col-lg-4 vc_col-md-4 vc_col-xs-12"][stm_service_icon_box icon="stm-service-icon-award_blank" title="Certified auto Mechanics" icon_size="45"]Duis arcu velit, accumsan nec turpis sed, iaculis interdum nunc. Morbi non tristique urna, at feugiat nunc.[/stm_service_icon_box][stm_service_icon_box icon="stm-service-icon-shield_check" title="12 month Warranty on Service" icon_size="48"]Duis arcu velit, accumsan nec turpis sed, iaculis interdum nunc. Morbi non tristique urna, at feugiat nunc.[/stm_service_icon_box][/vc_column_inner][/vc_row_inner][/vc_column][/vc_row][vc_row full_width="stretch_row" css=".vc_custom_1453894345516{padding-top: 52px !important;padding-bottom: 72px !important;background-color: #232628 !important;background-position: 0 0 !important;background-repeat: repeat !important;}"][vc_column][vc_custom_heading text="Service &amp; Repair" font_container="tag:h2|text_align:left|color:%23ffffff" use_theme_fonts="yes" el_class="ultra-bold"][/vc_column][/vc_row][vc_row css=".vc_custom_1452932145024{margin-top: -44px !important;margin-bottom: 34px !important;}" el_id="services"][vc_column][vc_tabs interval="0" vc_tabs_style_2="yes" vc_tabs_style_service="yes"][vc_tab title="Preventative Maintenance" tab_id="b7ea2abd-3dcf-4"][vc_row_inner][vc_column_inner offset="vc_col-lg-4 vc_col-md-4 vc_col-xs-12"][stm_service_info_box title="Brake Repair Services" price_label="from" price_value="$230" price_background_color="#a677e0"]
<ul>
	<li>Disc brake Service</li>
	<li>Drum brake Service</li>
	<li>Inspection &amp; Diagnosis</li>
	<li>ABS Diagnosis</li>
	<li>Brake Fluid Flush</li>
</ul>
[/stm_service_info_box][stm_service_info_box title="Brake Repair services" price_label="from" price_value="$230" price_background_color="#d91f20" title_color="#ffffff" price_color="#ffffff" content_color="#ffffff" image="13"]
<ul>
	<li>Disc brake Service</li>
	<li>Drum brake Service</li>
	<li>Inspection &amp; Diagnosis</li>
	<li>ABS Diagnosis</li>
	<li>Brake Fluid Flush</li>
</ul>
[/stm_service_info_box][/vc_column_inner][vc_column_inner offset="vc_col-lg-4 vc_col-md-4 vc_col-xs-12"][stm_service_info_box title="Maintenance Services" price_label="from" price_value="$230" price_background_color="#ec7424"]
<ul>
	<li>Oil Change Service</li>
	<li>Classis Lubrication</li>
	<li>Transmission Service</li>
	<li>Cooling System Flush</li>
	<li>Tire Rotation &amp; balance</li>
</ul>
[/stm_service_info_box][stm_service_info_box title="ENGINE PERFORMANCE services " price_label="from" price_value="$230" price_background_color="#4c88c1"]
<ul>
	<li>Drivability Diagnosis</li>
	<li>Fuel Injection Service</li>
	<li>Computer System Diagnosis</li>
	<li>Maintenance Tune-up</li>
	<li>Emission Diagnosis / Repair</li>
</ul>
[/stm_service_info_box][/vc_column_inner][vc_column_inner offset="vc_col-lg-4 vc_col-md-4 vc_col-xs-12"][stm_service_info_box image="13,13,13,13" title="Maintenance Services" price_label="from" price_value="$230" price_background_color="#ecbf24" title_color="#ffffff" price_color="#232628" content_color="#ffffff"]
<ul>
	<li>All Lighting</li>
	<li>Batteries</li>
	<li>Alternators</li>
	<li>Air bag System</li>
	<li>Accessories</li>
</ul>
[/stm_service_info_box][stm_service_info_box title="ELECTRICAL SYSTEM" price_label="from" price_value="$230" price_background_color="#7ac42a"]
<ul>
	<li>All Lighting</li>
	<li>Batteries</li>
	<li>Alternators</li>
	<li>Air bag system</li>
	<li>Windshield Wipers</li>
</ul>
[/stm_service_info_box][/vc_column_inner][/vc_row_inner][/vc_tab][vc_tab title="Tire Service" tab_id="1453894026821-1-7"][vc_row_inner][vc_column_inner offset="vc_col-lg-4 vc_col-md-4 vc_col-xs-12"][stm_service_info_box title="Brake Repair Services" price_label="from" price_value="$230" price_background_color="#a677e0"]
<ul>
	<li>Disc brake Service</li>
	<li>Drum brake Service</li>
	<li>Inspection &amp; Diagnosis</li>
	<li>ABS Diagnosis</li>
	<li>Brake Fluid Flush</li>
</ul>
[/stm_service_info_box][stm_service_info_box title="Brake Repair services" price_label="from" price_value="$230" price_background_color="#d91f20" title_color="#ffffff" price_color="#ffffff" content_color="#ffffff" image="13"]
<ul>
	<li>Disc brake Service</li>
	<li>Drum brake Service</li>
	<li>Inspection &amp; Diagnosis</li>
	<li>ABS Diagnosis</li>
	<li>Brake Fluid Flush</li>
</ul>
[/stm_service_info_box][/vc_column_inner][vc_column_inner offset="vc_col-lg-4 vc_col-md-4 vc_col-xs-12"][stm_service_info_box title="Maintenance Services" price_label="from" price_value="$230" price_background_color="#ec7424"]
<ul>
	<li>Oil Change Service</li>
	<li>Classis Lubrication</li>
	<li>Transmission Service</li>
	<li>Cooling System Flush</li>
	<li>Tire Rotation &amp; balance</li>
</ul>
[/stm_service_info_box][stm_service_info_box title="ENGINE PERFORMANCE services " price_label="from" price_value="$230" price_background_color="#4c88c1"]
<ul>
	<li>Drivability Diagnosis</li>
	<li>Fuel Injection Service</li>
	<li>Computer System Diagnosis</li>
	<li>Maintenance Tune-up</li>
	<li>Emission Diagnosis / Repair</li>
</ul>
[/stm_service_info_box][/vc_column_inner][vc_column_inner offset="vc_col-lg-4 vc_col-md-4 vc_col-xs-12"][stm_service_info_box image="13,13,13,13" title="Maintenance Services" price_label="from" price_value="$230" price_background_color="#ecbf24" title_color="#ffffff" price_color="#232628" content_color="#ffffff"]
<ul>
	<li>All Lighting</li>
	<li>Batteries</li>
	<li>Alternators</li>
	<li>Air bag System</li>
	<li>Accessories</li>
</ul>
[/stm_service_info_box][stm_service_info_box title="ELECTRICAL SYSTEM" price_label="from" price_value="$230" price_background_color="#7ac42a"]
<ul>
	<li>All Lighting</li>
	<li>Batteries</li>
	<li>Alternators</li>
	<li>Air bag system</li>
	<li>Windshield Wipers</li>
</ul>
[/stm_service_info_box][/vc_column_inner][/vc_row_inner][/vc_tab][/vc_tabs][/vc_column][/vc_row][vc_row stm_fullwidth="yes" css=".vc_custom_1453894078742{padding-top: 65px !important;padding-bottom: 32px !important;background-image: url(http://motors.stylemixthemes.com/demo/wp-content/uploads/2015/12/placeholder.gif?id=13) !important;}" el_class="stm-service-bookly-form" el_id="appointment-form"][vc_column][vc_custom_heading text="Make an Appointment" font_container="tag:h2|text_align:left|color:%23ffffff" use_theme_fonts="yes" el_class="ultra-bold" css=".vc_custom_1452832408029{margin-bottom: 64px !important;}"][vc_column_text][bookly-form show_number_of_persons="1"][/vc_column_text][/vc_column][/vc_row][vc_row full_width="stretch_row" css=".vc_custom_1453118989598{margin-bottom: 0px !important;padding-top: 68px !important;padding-bottom: 68px !important;background-color: #fefefe !important;}" el_class="stm-box-shadow-bottom"][vc_column][stm_our_partners image_size="190x132" image="13,13,13,13" number_to_show="8"][/vc_column][/vc_row][vc_row full_width="stretch_row" css=".vc_custom_1453121936772{margin-bottom: 0px !important;padding-top: 48px !important;padding-bottom: 30px !important;background-color: #f0f2f5 !important;}"][vc_column][vc_custom_heading text="Our Team" font_container="tag:h2|font_size:40px|text_align:center|line_height:43px" use_theme_fonts="yes" el_class="ultra-bold" css=".vc_custom_1453122333710{margin-bottom: 30px !important;}"][vc_row_inner][vc_column_inner width="1/2" offset="vc_col-lg-3"][stm_our_team image_size="510x340" image="13" name="Lennox Wardell" position="Chief Executive Officer" email="ceo@motors.com" phone="+1-913-677-74-27"][/vc_column_inner][vc_column_inner width="1/2" offset="vc_col-lg-3"][stm_our_team image_size="510x340" image="13" name="Sarah Odegard" position="President of Finance" email="s.odegard@motors.com"][/vc_column_inner][vc_column_inner width="1/2" offset="vc_col-lg-3"][stm_our_team image_size="510x340" image="13" name="Lars Jakuba" position="Executive Vice President" phone="+1-234-567-89-00"][/vc_column_inner][vc_column_inner width="1/2" offset="vc_col-lg-3"][stm_our_team image_size="510x340" image="13" name="Mikey Diokles" position="Sales Manager"][/vc_column_inner][/vc_row_inner][/vc_column][/vc_row][vc_row full_width="stretch_row_content_no_spaces" equal_height="yes" el_class="stm-fullwidth-row-no-paddings" el_id="history"][vc_column css=".vc_custom_1453098353185{background-color: #ecbf24 !important;}" offset="vc_col-lg-6 vc_col-md-6"][vc_row_inner][vc_column_inner width="2/3"][vc_column_text]
<h2 class="ultra-bold" style="margin-bottom: 25px; line-height: 36px;"><span style="color: #ffffff;">Motors is the Best</span>
car Repair Shop</h2>
[/vc_column_text][/vc_column_inner][vc_column_inner width="1/3" css=".vc_custom_1453110131182{margin-bottom: 38px !important;}" offset="vc_hidden-xs"][vc_column_text]<img class="size-medium wp-image-13 alignright" src="http://motors.stylemixthemes.com/demo/wp-content/uploads/2015/12/placeholder-300x168.gif" alt="placeholder" width="153" />[/vc_column_text][/vc_column_inner][/vc_row_inner][vc_row_inner][vc_column_inner width="1/2" css=".vc_custom_1452687011833{margin-bottom: 20px !important;}"][vc_column_text]<span style="display: block; margin-bottom: 23px; color: #191d21; line-height: 24px;">Have you encountered a body shop which just took your money but did not really bring any good value to your car? Are you looking for an auto body repair shop in LA that can give you all the services that you need for car?</span>

<span style="color: #191d21; line-height: 24px;">Make your car appear dashing all the time and be sure that your car is getting the body work that it needs with our 1 stop shop. We are restoring a vehicle to it’s original form after it’s been involved in an accident.</span>[/vc_column_text][/vc_column_inner][vc_column_inner width="1/2"][vc_column_text]<span style="color: #191d21; line-height: 24px; margin-bottom: 23px; display: block;">Enjoy convenient car repair and maintenance at your home or office. It's as easy as one two three</span>
<ul class="stm-list-style-counter">
	<li>
<h4><span style="color: #191d21;">Book Appointment</span></h4>
<span style="color: #191d21;">Tell us what your car needs or ask for a diagnostic. Receive a free, fast &amp; fixed quote.</span></li>
	<li>
<h4><span style="color: #191d21;">Get your car Fixed</span></h4>
<span style="color: #191d21;">That’s it. No more waiting in repair shops - our mechanics come to you.</span></li>
</ul>
[/vc_column_text][/vc_column_inner][/vc_row_inner][/vc_column][vc_column css=".vc_custom_1453894187540{background-image: url(http://motors.stylemixthemes.com/demo/wp-content/uploads/2015/12/placeholder.gif?id=13) !important;background-position: center !important;background-repeat: no-repeat !important;background-size: cover !important;}" offset="vc_col-lg-6 vc_col-md-6"][vc_custom_heading text="Excellence in Automotive
Services Since 1987" font_container="tag:h2|text_align:left|color:%23ffffff|line_height:36px" use_theme_fonts="yes" el_class="ultra-bold sm-xs-text-center" css=".vc_custom_1453207549287{margin-bottom: 80px !important;}"][vc_row_inner css=".vc_custom_1452689869068{margin-right: -15px !important;margin-left: -15px !important;}"][vc_column_inner width="1/3"][stm_stats_counter counter_value="85" title="Happy Customers"][/vc_column_inner][vc_column_inner width="1/3"][stm_stats_counter counter_value="24" title="24 month Warranty"][/vc_column_inner][vc_column_inner width="1/3"][stm_stats_counter counter_value="125" title="Happy Customers"][/vc_column_inner][/vc_row_inner][/vc_column][/vc_row][vc_row full_width="stretch_row_content" css=".vc_custom_1453894440464{margin-bottom: 0px !important;padding-top: 65px !important;padding-bottom: 55px !important;background-color: #232628 !important;background-position: 0 0 !important;background-repeat: repeat !important;}" el_id="gallery"][vc_column][vc_custom_heading text="Media Gallery" font_container="tag:h2|font_size:40px|text_align:center|color:%23ffffff|line_height:40px" use_theme_fonts="yes" css=".vc_custom_1452930712400{margin-bottom: 45px !important;}" el_class="ultra-bold"][stm_carousel fullwidth="enable" image_size="507x337" slides_per_row="5" images="13,13,13,13"][/vc_column][/vc_row][vc_row css=".vc_custom_1453119562113{padding-top: 47px !important;padding-bottom: 48px !important;}" el_id="feedback"][vc_column width="1/2" css=".vc_custom_1452756799159{margin-bottom: 30px !important;}"][vc_custom_heading text="Customer Testimonials" font_container="tag:h3|font_size:30px|text_align:left|line_height:30px" use_theme_fonts="yes" css=".vc_custom_1452752688450{margin-bottom: 36px !important;}" el_class="ultra-bold"][stm_testimonials css=".vc_custom_1452753181968{margin-bottom: 37px !important;}"][stm_testimonial image="13,13,13,13" author="Michael Doe" author_car="2015 Honda Civic LX"]
<h4>Motors is absolutely wonderful!</h4>
I can’t believe it was this easy to sell my car to you guys. You definitely made this as simple as advertised. Whenever my family moves back to the states, we would certainly love to use Motors theme again![/stm_testimonial][stm_testimonial image="13,13,13,13" author="Baxter Ion" author_car="Chevy Spark"]
<h4>Motors is absolutely wonderful!</h4>
I picked out my car on the website, purchased it, and a few days later it was delivered to my home exactly as described by the inspector. There were no surprises and no hassles. They are selling quality cars.[/stm_testimonial][/stm_testimonials][stm_image_links][stm_image_link images="13,13,13,13" link="url:http%3A%2F%2Fwww.citysearch.com%2Fworld|title:CitySearch|target:%20_blank" retina_images="327"][stm_image_link images="13,13,13,13" link="url:https%3A%2F%2Fwww.google.com%2F|title:Google|target:%20_blank" retina_images="326"][stm_image_link images="13,13,13,13" link="url:http%3A%2F%2Fwww.yelp.com%2F|title:Yelp|target:%20_blank" retina_images="325"][stm_image_link images="13,13,13,13" link="url:http%3A%2F%2Fwww.demandforce.com%2Findustries%2Fautomotive%2F|title:Demand%20Force|target:%20_blank" retina_images="324"][/stm_image_links][/vc_column][vc_column width="1/2"][vc_custom_heading text="Feedback form" font_container="tag:h3|font_size:30px|text_align:left|line_height:30px" use_theme_fonts="yes" css=".vc_custom_1452757715863{margin-bottom: 36px !important;}" el_class="ultra-bold"][vc_row_inner css=".vc_custom_1452762434929{background-position: center !important;background-repeat: no-repeat !important;background-size: cover !important;}"][vc_column_inner][stm_service_contact_form form="9" image="13,13,13,13"][/vc_column_inner][/vc_row_inner][/vc_column][/vc_row]]]></content:encoded>
		<excerpt:encoded><![CDATA[]]></excerpt:encoded>
		<wp:post_id>8</wp:post_id>
		<wp:post_date><![CDATA[2016-01-27 10:56:48]]></wp:post_date>
		<wp:post_date_gmt><![CDATA[2016-01-27 10:56:48]]></wp:post_date_gmt>
		<wp:comment_status><![CDATA[closed]]></wp:comment_status>
		<wp:ping_status><![CDATA[closed]]></wp:ping_status>
		<wp:post_name><![CDATA[home-page]]></wp:post_name>
		<wp:status><![CDATA[publish]]></wp:status>
		<wp:post_parent>0</wp:post_parent>
		<wp:menu_order>0</wp:menu_order>
		<wp:post_type><![CDATA[page]]></wp:post_type>
		<wp:post_password><![CDATA[]]></wp:post_password>
		<wp:is_sticky>0</wp:is_sticky>
		<wp:postmeta>
			<wp:meta_key><![CDATA[_vc_post_settings]]></wp:meta_key>
			<wp:meta_value><![CDATA[a:1:{s:10:"vc_grid_id";a:0:{}}]]></wp:meta_value>
		</wp:postmeta>
		<wp:postmeta>
			<wp:meta_key><![CDATA[_wpb_shortcodes_custom_css]]></wp:meta_key>
			<wp:meta_value><![CDATA[.vc_custom_1453894345516{padding-top: 52px !important;padding-bottom: 72px !important;background-color: #232628 !important;background-position: 0 0 !important;background-repeat: repeat !important;}.vc_custom_1452932145024{margin-top: -44px !important;margin-bottom: 34px !important;}.vc_custom_1453894078742{padding-top: 65px !important;padding-bottom: 32px !important;background-image: url(http://motors.stylemixthemes.com/demo/wp-content/uploads/2015/12/placeholder.gif?id=13) !important;}.vc_custom_1453118989598{margin-bottom: 0px !important;padding-top: 68px !important;padding-bottom: 68px !important;background-color: #fefefe !important;}.vc_custom_1453121936772{margin-bottom: 0px !important;padding-top: 48px !important;padding-bottom: 30px !important;background-color: #f0f2f5 !important;}.vc_custom_1453894440464{margin-bottom: 0px !important;padding-top: 65px !important;padding-bottom: 55px !important;background-color: #232628 !important;background-position: 0 0 !important;background-repeat: repeat !important;}.vc_custom_1453119562113{padding-top: 47px !important;padding-bottom: 48px !important;}.vc_custom_1453099089471{padding-top: 99px !important;padding-bottom: 22px !important;}.vc_custom_1452832408029{margin-bottom: 64px !important;}.vc_custom_1453122333710{margin-bottom: 30px !important;}.vc_custom_1453098353185{background-color: #ecbf24 !important;}.vc_custom_1453894187540{background-image: url(http://motors.stylemixthemes.com/demo/wp-content/uploads/2015/12/placeholder.gif?id=13) !important;background-position: center !important;background-repeat: no-repeat !important;background-size: cover !important;}.vc_custom_1453110131182{margin-bottom: 38px !important;}.vc_custom_1452687011833{margin-bottom: 20px !important;}.vc_custom_1453207549287{margin-bottom: 80px !important;}.vc_custom_1452689869068{margin-right: -15px !important;margin-left: -15px !important;}.vc_custom_1452930712400{margin-bottom: 45px !important;}.vc_custom_1452756799159{margin-bottom: 30px !important;}.vc_custom_1452752688450{margin-bottom: 36px !important;}.vc_custom_1452753181968{margin-bottom: 37px !important;}.vc_custom_1452757715863{margin-bottom: 36px !important;}.vc_custom_1452762434929{background-position: center !important;background-repeat: no-repeat !important;background-size: cover !important;}]]></wp:meta_value>
		</wp:postmeta>
		<wp:postmeta>
			<wp:meta_key><![CDATA[_vc_post_settings]]></wp:meta_key>
			<wp:meta_value><![CDATA[a:1:{s:10:"vc_grid_id";a:0:{}}]]></wp:meta_value>
		</wp:postmeta>
		<wp:postmeta>
			<wp:meta_key><![CDATA[_wp_page_template]]></wp:meta_key>
			<wp:meta_value><![CDATA[home-service-layout.php]]></wp:meta_value>
		</wp:postmeta>
		<wp:postmeta>
			<wp:meta_key><![CDATA[slide_template]]></wp:meta_key>
			<wp:meta_value><![CDATA[default]]></wp:meta_value>
		</wp:postmeta>
		<wp:postmeta>
			<wp:meta_key><![CDATA[alignment]]></wp:meta_key>
			<wp:meta_value><![CDATA[left]]></wp:meta_value>
		</wp:postmeta>
		<wp:postmeta>
			<wp:meta_key><![CDATA[title]]></wp:meta_key>
			<wp:meta_value><![CDATA[hide]]></wp:meta_value>
		</wp:postmeta>
		<wp:postmeta>
			<wp:meta_key><![CDATA[breadcrumbs]]></wp:meta_key>
			<wp:meta_value><![CDATA[hide]]></wp:meta_value>
		</wp:postmeta>
		<wp:postmeta>
			<wp:meta_key><![CDATA[_wpb_vc_js_status]]></wp:meta_key>
			<wp:meta_value><![CDATA[true]]></wp:meta_value>
		</wp:postmeta>
		<wp:postmeta>
			<wp:meta_key><![CDATA[_wpb_shortcodes_custom_css]]></wp:meta_key>
			<wp:meta_value><![CDATA[.vc_custom_1453894345516{padding-top: 52px !important;padding-bottom: 72px !important;background-color: #232628 !important;background-position: 0 0 !important;background-repeat: repeat !important;}.vc_custom_1452932145024{margin-top: -44px !important;margin-bottom: 34px !important;}.vc_custom_1453894078742{padding-top: 65px !important;padding-bottom: 32px !important;background-image: url(http://motors.stylemixthemes.com/demo/wp-content/uploads/2015/12/placeholder.gif?id=13) !important;}.vc_custom_1453118989598{margin-bottom: 0px !important;padding-top: 68px !important;padding-bottom: 68px !important;background-color: #fefefe !important;}.vc_custom_1453121936772{margin-bottom: 0px !important;padding-top: 48px !important;padding-bottom: 30px !important;background-color: #f0f2f5 !important;}.vc_custom_1453894440464{margin-bottom: 0px !important;padding-top: 65px !important;padding-bottom: 55px !important;background-color: #232628 !important;background-position: 0 0 !important;background-repeat: repeat !important;}.vc_custom_1453119562113{padding-top: 47px !important;padding-bottom: 48px !important;}.vc_custom_1453099089471{padding-top: 99px !important;padding-bottom: 22px !important;}.vc_custom_1452832408029{margin-bottom: 64px !important;}.vc_custom_1453122333710{margin-bottom: 30px !important;}.vc_custom_1453098353185{background-color: #ecbf24 !important;}.vc_custom_1453894187540{background-image: url(http://motors.stylemixthemes.com/demo/wp-content/uploads/2015/12/placeholder.gif?id=13) !important;background-position: center !important;background-repeat: no-repeat !important;background-size: cover !important;}.vc_custom_1453110131182{margin-bottom: 38px !important;}.vc_custom_1452687011833{margin-bottom: 20px !important;}.vc_custom_1453207549287{margin-bottom: 80px !important;}.vc_custom_1452689869068{margin-right: -15px !important;margin-left: -15px !important;}.vc_custom_1452930712400{margin-bottom: 45px !important;}.vc_custom_1452756799159{margin-bottom: 30px !important;}.vc_custom_1452752688450{margin-bottom: 36px !important;}.vc_custom_1452753181968{margin-bottom: 37px !important;}.vc_custom_1452757715863{margin-bottom: 36px !important;}.vc_custom_1452762434929{background-position: center !important;background-repeat: no-repeat !important;background-size: cover !important;}]]></wp:meta_value>
		</wp:postmeta>
		<wp:postmeta>
			<wp:meta_key><![CDATA[transparent_header]]></wp:meta_key>
			<wp:meta_value><![CDATA[on]]></wp:meta_value>
		</wp:postmeta>
		<wp:postmeta>
			<wp:meta_key><![CDATA[_edit_last]]></wp:meta_key>
			<wp:meta_value><![CDATA[1]]></wp:meta_value>
		</wp:postmeta>
	</item>
	<item>
		<title>Service feedback form</title>
		<link>http://motors.stylemixthemes.com/demo/?post_type=wpcf7_contact_form&#038;p=9</link>
		<pubDate>Wed, 27 Jan 2016 10:56:43 +0000</pubDate>
		<dc:creator><![CDATA[admin]]></dc:creator>
		<guid isPermaLink="false">http://motors.stylemixthemes.com/demo/?post_type=wpcf7_contact_form&#038;p=8</guid>
		<description></description>
		<content:encoded><![CDATA[<div class="row">
   <div class="col-md-6 col-sm-12">
      <div class="form-group">
         <div class="form-label">Your Name:</div>
         [text* name placeholder "First name, Last name"]
      </div>
   </div>
   <div class="col-md-6 col-sm-12">
      <div class="form-group">
         <div class="form-label">Email:</div>
         [email email placeholder "Not necessary..."]
      </div>
   </div>
   <div class="col-md-12 col-sm-12">
      <div class="form-group">
         <div class="form-label">Email:</div>
         [textarea message placeholder "Message..."]
      </div>
   </div>
   <div class="col-md-12 col-sm-12">[submit "Submit"]</div>
</div>
Service request
BOT <bot@stylemixthemes.com>
Name: [name]
Email: [email]
Message: [message]
bot@stylemixthemes.com





[your-subject]
Service
Message Body:
[your-message]

--
[your-email]



Your message was sent successfully. Thanks.
Failed to send your message. Please try later or contact the administrator by another method.
Validation errors occurred. Please confirm the fields and submit it again.
Failed to send your message. Please try later or contact the administrator by another method.
Please accept the terms to proceed.
Please fill in the required field.
This input is too long.
This input is too short.
Date format seems invalid.
This date is too early.
This date is too late.
Failed to upload file.
This file type is not allowed.
This file is too large.
Failed to upload file. Error occurred.
Number format seems invalid.
This number is too small.
This number is too large.
Your answer is not correct.
Your entered code is incorrect.
Email address seems invalid.
URL seems invalid.
Telephone number seems invalid.]]></content:encoded>
		<excerpt:encoded><![CDATA[]]></excerpt:encoded>
		<wp:post_id>9</wp:post_id>
		<wp:post_date><![CDATA[2016-01-27 10:56:43]]></wp:post_date>
		<wp:post_date_gmt><![CDATA[2016-01-27 10:56:43]]></wp:post_date_gmt>
		<wp:comment_status><![CDATA[closed]]></wp:comment_status>
		<wp:ping_status><![CDATA[closed]]></wp:ping_status>
		<wp:post_name><![CDATA[service-feedback-form]]></wp:post_name>
		<wp:status><![CDATA[publish]]></wp:status>
		<wp:post_parent>0</wp:post_parent>
		<wp:menu_order>0</wp:menu_order>
		<wp:post_type><![CDATA[wpcf7_contact_form]]></wp:post_type>
		<wp:post_password><![CDATA[]]></wp:post_password>
		<wp:is_sticky>0</wp:is_sticky>
		<wp:postmeta>
			<wp:meta_key><![CDATA[_vc_post_settings]]></wp:meta_key>
			<wp:meta_value><![CDATA[a:1:{s:10:"vc_grid_id";a:0:{}}]]></wp:meta_value>
		</wp:postmeta>
		<wp:postmeta>
			<wp:meta_key><![CDATA[_vc_post_settings]]></wp:meta_key>
			<wp:meta_value><![CDATA[a:1:{s:10:"vc_grid_id";a:0:{}}]]></wp:meta_value>
		</wp:postmeta>
		<wp:postmeta>
			<wp:meta_key><![CDATA[_form]]></wp:meta_key>
			<wp:meta_value><![CDATA[<div class="row">
   <div class="col-md-6 col-sm-12">
      <div class="form-group">
         <div class="form-label">Your Name:</div>
         [text* name placeholder "First name, Last name"]
      </div>
   </div>
   <div class="col-md-6 col-sm-12">
      <div class="form-group">
         <div class="form-label">Email:</div>
         [email email placeholder "Not necessary..."]
      </div>
   </div>
   <div class="col-md-12 col-sm-12">
      <div class="form-group">
         <div class="form-label">Email:</div>
         [textarea message placeholder "Message..."]
      </div>
   </div>
   <div class="col-md-12 col-sm-12">[submit "Submit"]</div>
</div>]]></wp:meta_value>
		</wp:postmeta>
		<wp:postmeta>
			<wp:meta_key><![CDATA[_mail]]></wp:meta_key>
			<wp:meta_value><![CDATA[a:8:{s:7:"subject";s:15:"Service request";s:6:"sender";s:28:"BOT <bot@stylemixthemes.com>";s:4:"body";s:46:"Name: [name]
Email: [email]
Message: [message]";s:9:"recipient";s:22:"bot@stylemixthemes.com";s:18:"additional_headers";s:0:"";s:11:"attachments";s:0:"";s:8:"use_html";b:0;s:13:"exclude_blank";b:0;}]]></wp:meta_value>
		</wp:postmeta>
		<wp:postmeta>
			<wp:meta_key><![CDATA[_mail_2]]></wp:meta_key>
			<wp:meta_value><![CDATA[]]></wp:meta_value>
		</wp:postmeta>
		<wp:postmeta>
			<wp:meta_key><![CDATA[_messages]]></wp:meta_key>
			<wp:meta_value><![CDATA[a:23:{s:12:"mail_sent_ok";s:43:"Your message was sent successfully. Thanks.";s:12:"mail_sent_ng";s:93:"Failed to send your message. Please try later or contact the administrator by another method.";s:16:"validation_error";s:74:"Validation errors occurred. Please confirm the fields and submit it again.";s:4:"spam";s:93:"Failed to send your message. Please try later or contact the administrator by another method.";s:12:"accept_terms";s:35:"Please accept the terms to proceed.";s:16:"invalid_required";s:34:"Please fill in the required field.";s:16:"invalid_too_long";s:23:"This input is too long.";s:17:"invalid_too_short";s:24:"This input is too short.";s:12:"invalid_date";s:26:"Date format seems invalid.";s:14:"date_too_early";s:23:"This date is too early.";s:13:"date_too_late";s:22:"This date is too late.";s:13:"upload_failed";s:22:"Failed to upload file.";s:24:"upload_file_type_invalid";s:30:"This file type is not allowed.";s:21:"upload_file_too_large";s:23:"This file is too large.";s:23:"upload_failed_php_error";s:38:"Failed to upload file. Error occurred.";s:14:"invalid_number";s:28:"Number format seems invalid.";s:16:"number_too_small";s:25:"This number is too small.";s:16:"number_too_large";s:25:"This number is too large.";s:23:"quiz_answer_not_correct";s:27:"Your answer is not correct.";s:17:"captcha_not_match";s:31:"Your entered code is incorrect.";s:13:"invalid_email";s:28:"Email address seems invalid.";s:11:"invalid_url";s:18:"URL seems invalid.";s:11:"invalid_tel";s:31:"Telephone number seems invalid.";}]]></wp:meta_value>
		</wp:postmeta>
		<wp:postmeta>
			<wp:meta_key><![CDATA[_additional_settings]]></wp:meta_key>
			<wp:meta_value><![CDATA[]]></wp:meta_value>
		</wp:postmeta>
		<wp:postmeta>
			<wp:meta_key><![CDATA[_locale]]></wp:meta_key>
			<wp:meta_value><![CDATA[en_US]]></wp:meta_value>
		</wp:postmeta>
	</item>
	<item>
		<title>placeholder</title>
		<link>http://motors.stylemixthemes.com/demo/?attachment_id=13</link>
		<pubDate>Wed, 27 Jan 2016 11:02:31 +0000</pubDate>
		<dc:creator><![CDATA[admin]]></dc:creator>
		<guid isPermaLink="false">http://motors.stylemixthemes.com/demo/wp-content/uploads/2015/12/placeholder.gif</guid>
		<description></description>
		<content:encoded><![CDATA[]]></content:encoded>
		<excerpt:encoded><![CDATA[]]></excerpt:encoded>
		<wp:post_id>13</wp:post_id>
		<wp:post_date><![CDATA[2016-01-27 11:02:31]]></wp:post_date>
		<wp:post_date_gmt><![CDATA[2016-01-27 11:02:31]]></wp:post_date_gmt>
		<wp:comment_status><![CDATA[open]]></wp:comment_status>
		<wp:ping_status><![CDATA[closed]]></wp:ping_status>
		<wp:post_name><![CDATA[placeholder]]></wp:post_name>
		<wp:status><![CDATA[inherit]]></wp:status>
		<wp:post_parent>8</wp:post_parent>
		<wp:menu_order>0</wp:menu_order>
		<wp:post_type><![CDATA[attachment]]></wp:post_type>
		<wp:post_password><![CDATA[]]></wp:post_password>
		<wp:is_sticky>0</wp:is_sticky>
		<wp:attachment_url><![CDATA[http://motors.stylemixthemes.com/demo/wp-content/uploads/2015/12/placeholder.gif]]></wp:attachment_url>
		<wp:postmeta>
			<wp:meta_key><![CDATA[_wp_attached_file]]></wp:meta_key>
			<wp:meta_value><![CDATA[2015/12/placeholder.gif]]></wp:meta_value>
		</wp:postmeta>
		<wp:postmeta>
			<wp:meta_key><![CDATA[_wp_attachment_metadata]]></wp:meta_key>
			<wp:meta_value><![CDATA[a:5:{s:5:"width";i:1300;s:6:"height";i:728;s:4:"file";s:25:"2015/12/placeholder.gif";s:5:"sizes";a:15:{s:9:"thumbnail";a:4:{s:4:"file";s:25:"placeholder-150x150.gif";s:5:"width";i:150;s:6:"height";i:150;s:9:"mime-type";s:9:"image/gif";}s:6:"medium";a:4:{s:4:"file";s:25:"placeholder-300x168.gif";s:5:"width";i:300;s:6:"height";i:168;s:9:"mime-type";s:9:"image/gif";}s:12:"medium_large";a:4:{s:4:"file";s:25:"placeholder-768x430.gif";s:5:"width";i:768;s:6:"height";i:430;s:9:"mime-type";s:9:"image/gif";}s:5:"large";a:4:{s:4:"file";s:26:"placeholder-1024x573.gif";s:5:"width";i:1024;s:6:"height";i:573;s:9:"mime-type";s:9:"image/gif";}s:14:"shop_thumbnail";a:4:{s:4:"file";s:25:"placeholder-180x180.gif";s:5:"width";i:180;s:6:"height";i:180;s:9:"mime-type";s:9:"image/gif";}s:12:"shop_catalog";a:4:{s:4:"file";s:25:"placeholder-300x300.gif";s:5:"width";i:300;s:6:"height";i:300;s:9:"mime-type";s:9:"image/gif";}s:11:"shop_single";a:4:{s:4:"file";s:25:"placeholder-600x600.gif";s:5:"width";i:600;s:6:"height";i:600;s:9:"mime-type";s:9:"image/gif";}s:16:"stm-img-1110-577";a:4:{s:4:"file";s:26:"placeholder-1110x577.gif";s:5:"width";i:1110;s:6:"height";i:577;s:9:"mime-type";s:9:"image/gif";}s:15:"stm-img-796-466";a:4:{s:4:"file";s:25:"placeholder-798x466.gif";s:5:"width";i:798;s:6:"height";i:466;s:9:"mime-type";s:9:"image/gif";}s:15:"stm-img-350-205";a:4:{s:4:"file";s:25:"placeholder-350x205.gif";s:5:"width";i:350;s:6:"height";i:205;s:9:"mime-type";s:9:"image/gif";}s:15:"stm-img-350-356";a:4:{s:4:"file";s:25:"placeholder-350x356.gif";s:5:"width";i:350;s:6:"height";i:356;s:9:"mime-type";s:9:"image/gif";}s:15:"stm-img-350-181";a:4:{s:4:"file";s:25:"placeholder-350x181.gif";s:5:"width";i:350;s:6:"height";i:181;s:9:"mime-type";s:9:"image/gif";}s:15:"stm-img-398-206";a:4:{s:4:"file";s:25:"placeholder-398x206.gif";s:5:"width";i:398;s:6:"height";i:206;s:9:"mime-type";s:9:"image/gif";}s:15:"stm-img-255-135";a:4:{s:4:"file";s:25:"placeholder-255x135.gif";s:5:"width";i:255;s:6:"height";i:135;s:9:"mime-type";s:9:"image/gif";}s:15:"stm-img-190-132";a:4:{s:4:"file";s:25:"placeholder-190x132.gif";s:5:"width";i:190;s:6:"height";i:132;s:9:"mime-type";s:9:"image/gif";}}s:10:"image_meta";a:12:{s:8:"aperture";i:0;s:6:"credit";s:0:"";s:6:"camera";s:0:"";s:7:"caption";s:0:"";s:17:"created_timestamp";i:0;s:9:"copyright";s:0:"";s:12:"focal_length";i:0;s:3:"iso";i:0;s:13:"shutter_speed";i:0;s:5:"title";s:0:"";s:11:"orientation";i:0;s:8:"keywords";a:0:{}}}]]></wp:meta_value>
		</wp:postmeta>
		<wp:postmeta>
			<wp:meta_key><![CDATA[_wp_attachment_image_alt]]></wp:meta_key>
			<wp:meta_value><![CDATA[placeholder]]></wp:meta_value>
		</wp:postmeta>
	</item>
	<item>
		<title>Advantages</title>
		<link>http://motors.stylemixthemes.com/demo/?p=14</link>
		<pubDate>Wed, 27 Jan 2016 12:31:07 +0000</pubDate>
		<dc:creator><![CDATA[admin]]></dc:creator>
		<guid isPermaLink="false">http://motors.stylemixthemes.com/demo/?p=14</guid>
		<description></description>
		<content:encoded><![CDATA[]]></content:encoded>
		<excerpt:encoded><![CDATA[]]></excerpt:encoded>
		<wp:post_id>14</wp:post_id>
		<wp:post_date><![CDATA[2016-01-27 12:31:07]]></wp:post_date>
		<wp:post_date_gmt><![CDATA[2016-01-27 12:31:07]]></wp:post_date_gmt>
		<wp:comment_status><![CDATA[closed]]></wp:comment_status>
		<wp:ping_status><![CDATA[closed]]></wp:ping_status>
		<wp:post_name><![CDATA[advantages]]></wp:post_name>
		<wp:status><![CDATA[publish]]></wp:status>
		<wp:post_parent>0</wp:post_parent>
		<wp:menu_order>1</wp:menu_order>
		<wp:post_type><![CDATA[nav_menu_item]]></wp:post_type>
		<wp:post_password><![CDATA[]]></wp:post_password>
		<wp:is_sticky>0</wp:is_sticky>
		<category domain="nav_menu" nicename="primary-menu"><![CDATA[Primary menu]]></category>
		<wp:postmeta>
			<wp:meta_key><![CDATA[_vc_post_settings]]></wp:meta_key>
			<wp:meta_value><![CDATA[a:1:{s:10:"vc_grid_id";a:0:{}}]]></wp:meta_value>
		</wp:postmeta>
		<wp:postmeta>
			<wp:meta_key><![CDATA[_menu_item_type]]></wp:meta_key>
			<wp:meta_value><![CDATA[custom]]></wp:meta_value>
		</wp:postmeta>
		<wp:postmeta>
			<wp:meta_key><![CDATA[_menu_item_menu_item_parent]]></wp:meta_key>
			<wp:meta_value><![CDATA[0]]></wp:meta_value>
		</wp:postmeta>
		<wp:postmeta>
			<wp:meta_key><![CDATA[_menu_item_object_id]]></wp:meta_key>
			<wp:meta_value><![CDATA[14]]></wp:meta_value>
		</wp:postmeta>
		<wp:postmeta>
			<wp:meta_key><![CDATA[_menu_item_object]]></wp:meta_key>
			<wp:meta_value><![CDATA[custom]]></wp:meta_value>
		</wp:postmeta>
		<wp:postmeta>
			<wp:meta_key><![CDATA[_menu_item_target]]></wp:meta_key>
			<wp:meta_value><![CDATA[]]></wp:meta_value>
		</wp:postmeta>
		<wp:postmeta>
			<wp:meta_key><![CDATA[_menu_item_classes]]></wp:meta_key>
			<wp:meta_value><![CDATA[a:1:{i:0;s:0:"";}]]></wp:meta_value>
		</wp:postmeta>
		<wp:postmeta>
			<wp:meta_key><![CDATA[_menu_item_xfn]]></wp:meta_key>
			<wp:meta_value><![CDATA[]]></wp:meta_value>
		</wp:postmeta>
		<wp:postmeta>
			<wp:meta_key><![CDATA[_menu_item_url]]></wp:meta_key>
			<wp:meta_value><![CDATA[/#advantages]]></wp:meta_value>
		</wp:postmeta>
	</item>
	<item>
		<title>Services</title>
		<link>http://motors.stylemixthemes.com/demo/?p=15</link>
		<pubDate>Wed, 27 Jan 2016 12:31:07 +0000</pubDate>
		<dc:creator><![CDATA[admin]]></dc:creator>
		<guid isPermaLink="false">http://motors.stylemixthemes.com/demo/?p=15</guid>
		<description></description>
		<content:encoded><![CDATA[]]></content:encoded>
		<excerpt:encoded><![CDATA[]]></excerpt:encoded>
		<wp:post_id>15</wp:post_id>
		<wp:post_date><![CDATA[2016-01-27 12:31:07]]></wp:post_date>
		<wp:post_date_gmt><![CDATA[2016-01-27 12:31:07]]></wp:post_date_gmt>
		<wp:comment_status><![CDATA[closed]]></wp:comment_status>
		<wp:ping_status><![CDATA[closed]]></wp:ping_status>
		<wp:post_name><![CDATA[services]]></wp:post_name>
		<wp:status><![CDATA[publish]]></wp:status>
		<wp:post_parent>0</wp:post_parent>
		<wp:menu_order>2</wp:menu_order>
		<wp:post_type><![CDATA[nav_menu_item]]></wp:post_type>
		<wp:post_password><![CDATA[]]></wp:post_password>
		<wp:is_sticky>0</wp:is_sticky>
		<category domain="nav_menu" nicename="primary-menu"><![CDATA[Primary menu]]></category>
		<wp:postmeta>
			<wp:meta_key><![CDATA[_vc_post_settings]]></wp:meta_key>
			<wp:meta_value><![CDATA[a:1:{s:10:"vc_grid_id";a:0:{}}]]></wp:meta_value>
		</wp:postmeta>
		<wp:postmeta>
			<wp:meta_key><![CDATA[_menu_item_type]]></wp:meta_key>
			<wp:meta_value><![CDATA[custom]]></wp:meta_value>
		</wp:postmeta>
		<wp:postmeta>
			<wp:meta_key><![CDATA[_menu_item_menu_item_parent]]></wp:meta_key>
			<wp:meta_value><![CDATA[0]]></wp:meta_value>
		</wp:postmeta>
		<wp:postmeta>
			<wp:meta_key><![CDATA[_menu_item_object_id]]></wp:meta_key>
			<wp:meta_value><![CDATA[15]]></wp:meta_value>
		</wp:postmeta>
		<wp:postmeta>
			<wp:meta_key><![CDATA[_menu_item_object]]></wp:meta_key>
			<wp:meta_value><![CDATA[custom]]></wp:meta_value>
		</wp:postmeta>
		<wp:postmeta>
			<wp:meta_key><![CDATA[_menu_item_target]]></wp:meta_key>
			<wp:meta_value><![CDATA[]]></wp:meta_value>
		</wp:postmeta>
		<wp:postmeta>
			<wp:meta_key><![CDATA[_menu_item_classes]]></wp:meta_key>
			<wp:meta_value><![CDATA[a:1:{i:0;s:0:"";}]]></wp:meta_value>
		</wp:postmeta>
		<wp:postmeta>
			<wp:meta_key><![CDATA[_menu_item_xfn]]></wp:meta_key>
			<wp:meta_value><![CDATA[]]></wp:meta_value>
		</wp:postmeta>
		<wp:postmeta>
			<wp:meta_key><![CDATA[_menu_item_url]]></wp:meta_key>
			<wp:meta_value><![CDATA[/#services]]></wp:meta_value>
		</wp:postmeta>
	</item>
	<item>
		<title>History</title>
		<link>http://motors.stylemixthemes.com/demo/?p=16</link>
		<pubDate>Wed, 27 Jan 2016 12:31:07 +0000</pubDate>
		<dc:creator><![CDATA[admin]]></dc:creator>
		<guid isPermaLink="false">http://motors.stylemixthemes.com/demo/?p=16</guid>
		<description></description>
		<content:encoded><![CDATA[]]></content:encoded>
		<excerpt:encoded><![CDATA[]]></excerpt:encoded>
		<wp:post_id>16</wp:post_id>
		<wp:post_date><![CDATA[2016-01-27 12:31:07]]></wp:post_date>
		<wp:post_date_gmt><![CDATA[2016-01-27 12:31:07]]></wp:post_date_gmt>
		<wp:comment_status><![CDATA[closed]]></wp:comment_status>
		<wp:ping_status><![CDATA[closed]]></wp:ping_status>
		<wp:post_name><![CDATA[history]]></wp:post_name>
		<wp:status><![CDATA[publish]]></wp:status>
		<wp:post_parent>0</wp:post_parent>
		<wp:menu_order>3</wp:menu_order>
		<wp:post_type><![CDATA[nav_menu_item]]></wp:post_type>
		<wp:post_password><![CDATA[]]></wp:post_password>
		<wp:is_sticky>0</wp:is_sticky>
		<category domain="nav_menu" nicename="primary-menu"><![CDATA[Primary menu]]></category>
		<wp:postmeta>
			<wp:meta_key><![CDATA[_vc_post_settings]]></wp:meta_key>
			<wp:meta_value><![CDATA[a:1:{s:10:"vc_grid_id";a:0:{}}]]></wp:meta_value>
		</wp:postmeta>
		<wp:postmeta>
			<wp:meta_key><![CDATA[_menu_item_type]]></wp:meta_key>
			<wp:meta_value><![CDATA[custom]]></wp:meta_value>
		</wp:postmeta>
		<wp:postmeta>
			<wp:meta_key><![CDATA[_menu_item_menu_item_parent]]></wp:meta_key>
			<wp:meta_value><![CDATA[0]]></wp:meta_value>
		</wp:postmeta>
		<wp:postmeta>
			<wp:meta_key><![CDATA[_menu_item_object_id]]></wp:meta_key>
			<wp:meta_value><![CDATA[16]]></wp:meta_value>
		</wp:postmeta>
		<wp:postmeta>
			<wp:meta_key><![CDATA[_menu_item_object]]></wp:meta_key>
			<wp:meta_value><![CDATA[custom]]></wp:meta_value>
		</wp:postmeta>
		<wp:postmeta>
			<wp:meta_key><![CDATA[_menu_item_target]]></wp:meta_key>
			<wp:meta_value><![CDATA[]]></wp:meta_value>
		</wp:postmeta>
		<wp:postmeta>
			<wp:meta_key><![CDATA[_menu_item_classes]]></wp:meta_key>
			<wp:meta_value><![CDATA[a:1:{i:0;s:0:"";}]]></wp:meta_value>
		</wp:postmeta>
		<wp:postmeta>
			<wp:meta_key><![CDATA[_menu_item_xfn]]></wp:meta_key>
			<wp:meta_value><![CDATA[]]></wp:meta_value>
		</wp:postmeta>
		<wp:postmeta>
			<wp:meta_key><![CDATA[_menu_item_url]]></wp:meta_key>
			<wp:meta_value><![CDATA[/#history]]></wp:meta_value>
		</wp:postmeta>
	</item>
	<item>
		<title>Gallery</title>
		<link>http://motors.stylemixthemes.com/demo/?p=17</link>
		<pubDate>Wed, 27 Jan 2016 12:31:07 +0000</pubDate>
		<dc:creator><![CDATA[admin]]></dc:creator>
		<guid isPermaLink="false">http://motors.stylemixthemes.com/demo/?p=17</guid>
		<description></description>
		<content:encoded><![CDATA[]]></content:encoded>
		<excerpt:encoded><![CDATA[]]></excerpt:encoded>
		<wp:post_id>17</wp:post_id>
		<wp:post_date><![CDATA[2016-01-27 12:31:07]]></wp:post_date>
		<wp:post_date_gmt><![CDATA[2016-01-27 12:31:07]]></wp:post_date_gmt>
		<wp:comment_status><![CDATA[closed]]></wp:comment_status>
		<wp:ping_status><![CDATA[closed]]></wp:ping_status>
		<wp:post_name><![CDATA[gallery]]></wp:post_name>
		<wp:status><![CDATA[publish]]></wp:status>
		<wp:post_parent>0</wp:post_parent>
		<wp:menu_order>4</wp:menu_order>
		<wp:post_type><![CDATA[nav_menu_item]]></wp:post_type>
		<wp:post_password><![CDATA[]]></wp:post_password>
		<wp:is_sticky>0</wp:is_sticky>
		<category domain="nav_menu" nicename="primary-menu"><![CDATA[Primary menu]]></category>
		<wp:postmeta>
			<wp:meta_key><![CDATA[_vc_post_settings]]></wp:meta_key>
			<wp:meta_value><![CDATA[a:1:{s:10:"vc_grid_id";a:0:{}}]]></wp:meta_value>
		</wp:postmeta>
		<wp:postmeta>
			<wp:meta_key><![CDATA[_menu_item_type]]></wp:meta_key>
			<wp:meta_value><![CDATA[custom]]></wp:meta_value>
		</wp:postmeta>
		<wp:postmeta>
			<wp:meta_key><![CDATA[_menu_item_menu_item_parent]]></wp:meta_key>
			<wp:meta_value><![CDATA[0]]></wp:meta_value>
		</wp:postmeta>
		<wp:postmeta>
			<wp:meta_key><![CDATA[_menu_item_object_id]]></wp:meta_key>
			<wp:meta_value><![CDATA[17]]></wp:meta_value>
		</wp:postmeta>
		<wp:postmeta>
			<wp:meta_key><![CDATA[_menu_item_object]]></wp:meta_key>
			<wp:meta_value><![CDATA[custom]]></wp:meta_value>
		</wp:postmeta>
		<wp:postmeta>
			<wp:meta_key><![CDATA[_menu_item_target]]></wp:meta_key>
			<wp:meta_value><![CDATA[]]></wp:meta_value>
		</wp:postmeta>
		<wp:postmeta>
			<wp:meta_key><![CDATA[_menu_item_classes]]></wp:meta_key>
			<wp:meta_value><![CDATA[a:1:{i:0;s:0:"";}]]></wp:meta_value>
		</wp:postmeta>
		<wp:postmeta>
			<wp:meta_key><![CDATA[_menu_item_xfn]]></wp:meta_key>
			<wp:meta_value><![CDATA[]]></wp:meta_value>
		</wp:postmeta>
		<wp:postmeta>
			<wp:meta_key><![CDATA[_menu_item_url]]></wp:meta_key>
			<wp:meta_value><![CDATA[/#gallery]]></wp:meta_value>
		</wp:postmeta>
	</item>
	<item>
		<title>Feedback</title>
		<link>http://motors.stylemixthemes.com/demo/?p=18</link>
		<pubDate>Wed, 27 Jan 2016 12:31:07 +0000</pubDate>
		<dc:creator><![CDATA[admin]]></dc:creator>
		<guid isPermaLink="false">http://motors.stylemixthemes.com/demo/?p=18</guid>
		<description></description>
		<content:encoded><![CDATA[]]></content:encoded>
		<excerpt:encoded><![CDATA[]]></excerpt:encoded>
		<wp:post_id>18</wp:post_id>
		<wp:post_date><![CDATA[2016-01-27 12:31:07]]></wp:post_date>
		<wp:post_date_gmt><![CDATA[2016-01-27 12:31:07]]></wp:post_date_gmt>
		<wp:comment_status><![CDATA[closed]]></wp:comment_status>
		<wp:ping_status><![CDATA[closed]]></wp:ping_status>
		<wp:post_name><![CDATA[feedback]]></wp:post_name>
		<wp:status><![CDATA[publish]]></wp:status>
		<wp:post_parent>0</wp:post_parent>
		<wp:menu_order>5</wp:menu_order>
		<wp:post_type><![CDATA[nav_menu_item]]></wp:post_type>
		<wp:post_password><![CDATA[]]></wp:post_password>
		<wp:is_sticky>0</wp:is_sticky>
		<category domain="nav_menu" nicename="primary-menu"><![CDATA[Primary menu]]></category>
		<wp:postmeta>
			<wp:meta_key><![CDATA[_vc_post_settings]]></wp:meta_key>
			<wp:meta_value><![CDATA[a:1:{s:10:"vc_grid_id";a:0:{}}]]></wp:meta_value>
		</wp:postmeta>
		<wp:postmeta>
			<wp:meta_key><![CDATA[_menu_item_type]]></wp:meta_key>
			<wp:meta_value><![CDATA[custom]]></wp:meta_value>
		</wp:postmeta>
		<wp:postmeta>
			<wp:meta_key><![CDATA[_menu_item_menu_item_parent]]></wp:meta_key>
			<wp:meta_value><![CDATA[0]]></wp:meta_value>
		</wp:postmeta>
		<wp:postmeta>
			<wp:meta_key><![CDATA[_menu_item_object_id]]></wp:meta_key>
			<wp:meta_value><![CDATA[18]]></wp:meta_value>
		</wp:postmeta>
		<wp:postmeta>
			<wp:meta_key><![CDATA[_menu_item_object]]></wp:meta_key>
			<wp:meta_value><![CDATA[custom]]></wp:meta_value>
		</wp:postmeta>
		<wp:postmeta>
			<wp:meta_key><![CDATA[_menu_item_target]]></wp:meta_key>
			<wp:meta_value><![CDATA[]]></wp:meta_value>
		</wp:postmeta>
		<wp:postmeta>
			<wp:meta_key><![CDATA[_menu_item_classes]]></wp:meta_key>
			<wp:meta_value><![CDATA[a:1:{i:0;s:0:"";}]]></wp:meta_value>
		</wp:postmeta>
		<wp:postmeta>
			<wp:meta_key><![CDATA[_menu_item_xfn]]></wp:meta_key>
			<wp:meta_value><![CDATA[]]></wp:meta_value>
		</wp:postmeta>
		<wp:postmeta>
			<wp:meta_key><![CDATA[_menu_item_url]]></wp:meta_key>
			<wp:meta_value><![CDATA[/#feedback]]></wp:meta_value>
		</wp:postmeta>
	</item>
	<item>
		<title>winter_.jpg</title>
		<link>http://motors.stylemixthemes.com/demo/?attachment_id=19</link>
		<pubDate>Wed, 27 Jan 2016 12:31:07 +0000</pubDate>
		<dc:creator><![CDATA[admin]]></dc:creator>
		<guid isPermaLink="false">http://motors.stylemixthemes.com/demo/wp-content/uploads/revslider/service_home_slider/winter_.jpg</guid>
		<description></description>
		<content:encoded><![CDATA[]]></content:encoded>
		<excerpt:encoded><![CDATA[]]></excerpt:encoded>
		<wp:post_id>19</wp:post_id>
		<wp:post_date><![CDATA[2016-01-27 12:31:07]]></wp:post_date>
		<wp:post_date_gmt><![CDATA[2016-01-27 12:31:07]]></wp:post_date_gmt>
		<wp:comment_status><![CDATA[closed]]></wp:comment_status>
		<wp:ping_status><![CDATA[closed]]></wp:ping_status>
		<wp:post_name><![CDATA[winter-jpg]]></wp:post_name>
		<wp:status><![CDATA[inherit]]></wp:status>
		<wp:post_parent>0</wp:post_parent>
		<wp:menu_order>0</wp:menu_order>
		<wp:post_type><![CDATA[attachment]]></wp:post_type>
		<wp:post_password><![CDATA[]]></wp:post_password>
		<wp:is_sticky>0</wp:is_sticky>
		<wp:attachment_url><![CDATA[http://motors.stylemixthemes.com/demo/wp-content/uploads/revslider/service_home_slider/winter_.jpg]]></wp:attachment_url>
		<wp:postmeta>
			<wp:meta_key><![CDATA[_wp_attached_file]]></wp:meta_key>
			<wp:meta_value><![CDATA[revslider/service_home_slider/winter_.jpg]]></wp:meta_value>
		</wp:postmeta>
		<wp:postmeta>
			<wp:meta_key><![CDATA[_wp_attachment_metadata]]></wp:meta_key>
			<wp:meta_value><![CDATA[a:5:{s:5:"width";i:1963;s:6:"height";i:645;s:4:"file";s:41:"revslider/service_home_slider/winter_.jpg";s:5:"sizes";a:15:{s:9:"thumbnail";a:4:{s:4:"file";s:19:"winter_-150x150.jpg";s:5:"width";i:150;s:6:"height";i:150;s:9:"mime-type";s:10:"image/jpeg";}s:6:"medium";a:4:{s:4:"file";s:18:"winter_-300x99.jpg";s:5:"width";i:300;s:6:"height";i:99;s:9:"mime-type";s:10:"image/jpeg";}s:12:"medium_large";a:4:{s:4:"file";s:19:"winter_-768x252.jpg";s:5:"width";i:768;s:6:"height";i:252;s:9:"mime-type";s:10:"image/jpeg";}s:5:"large";a:4:{s:4:"file";s:20:"winter_-1024x336.jpg";s:5:"width";i:1024;s:6:"height";i:336;s:9:"mime-type";s:10:"image/jpeg";}s:14:"shop_thumbnail";a:4:{s:4:"file";s:19:"winter_-180x180.jpg";s:5:"width";i:180;s:6:"height";i:180;s:9:"mime-type";s:10:"image/jpeg";}s:12:"shop_catalog";a:4:{s:4:"file";s:19:"winter_-300x300.jpg";s:5:"width";i:300;s:6:"height";i:300;s:9:"mime-type";s:10:"image/jpeg";}s:11:"shop_single";a:4:{s:4:"file";s:19:"winter_-600x600.jpg";s:5:"width";i:600;s:6:"height";i:600;s:9:"mime-type";s:10:"image/jpeg";}s:16:"stm-img-1110-577";a:4:{s:4:"file";s:20:"winter_-1110x577.jpg";s:5:"width";i:1110;s:6:"height";i:577;s:9:"mime-type";s:10:"image/jpeg";}s:15:"stm-img-796-466";a:4:{s:4:"file";s:19:"winter_-798x466.jpg";s:5:"width";i:798;s:6:"height";i:466;s:9:"mime-type";s:10:"image/jpeg";}s:15:"stm-img-350-205";a:4:{s:4:"file";s:19:"winter_-350x205.jpg";s:5:"width";i:350;s:6:"height";i:205;s:9:"mime-type";s:10:"image/jpeg";}s:15:"stm-img-350-356";a:4:{s:4:"file";s:19:"winter_-350x356.jpg";s:5:"width";i:350;s:6:"height";i:356;s:9:"mime-type";s:10:"image/jpeg";}s:15:"stm-img-350-181";a:4:{s:4:"file";s:19:"winter_-350x181.jpg";s:5:"width";i:350;s:6:"height";i:181;s:9:"mime-type";s:10:"image/jpeg";}s:15:"stm-img-398-206";a:4:{s:4:"file";s:19:"winter_-398x206.jpg";s:5:"width";i:398;s:6:"height";i:206;s:9:"mime-type";s:10:"image/jpeg";}s:15:"stm-img-255-135";a:4:{s:4:"file";s:19:"winter_-255x135.jpg";s:5:"width";i:255;s:6:"height";i:135;s:9:"mime-type";s:10:"image/jpeg";}s:15:"stm-img-190-132";a:4:{s:4:"file";s:19:"winter_-190x132.jpg";s:5:"width";i:190;s:6:"height";i:132;s:9:"mime-type";s:10:"image/jpeg";}}s:10:"image_meta";a:12:{s:8:"aperture";i:0;s:6:"credit";s:0:"";s:6:"camera";s:0:"";s:7:"caption";s:0:"";s:17:"created_timestamp";i:0;s:9:"copyright";s:0:"";s:12:"focal_length";i:0;s:3:"iso";i:0;s:13:"shutter_speed";i:0;s:5:"title";s:0:"";s:11:"orientation";i:0;s:8:"keywords";a:0:{}}}]]></wp:meta_value>
		</wp:postmeta>
	</item>
	<item>
		<title>mechanic_.jpg</title>
		<link>http://motors.stylemixthemes.com/demo/?attachment_id=20</link>
		<pubDate>Wed, 27 Jan 2016 12:31:09 +0000</pubDate>
		<dc:creator><![CDATA[admin]]></dc:creator>
		<guid isPermaLink="false">http://motors.stylemixthemes.com/demo/wp-content/uploads/revslider/service_home_slider/mechanic_.jpg</guid>
		<description></description>
		<content:encoded><![CDATA[]]></content:encoded>
		<excerpt:encoded><![CDATA[]]></excerpt:encoded>
		<wp:post_id>20</wp:post_id>
		<wp:post_date><![CDATA[2016-01-27 12:31:09]]></wp:post_date>
		<wp:post_date_gmt><![CDATA[2016-01-27 12:31:09]]></wp:post_date_gmt>
		<wp:comment_status><![CDATA[closed]]></wp:comment_status>
		<wp:ping_status><![CDATA[closed]]></wp:ping_status>
		<wp:post_name><![CDATA[mechanic-jpg]]></wp:post_name>
		<wp:status><![CDATA[inherit]]></wp:status>
		<wp:post_parent>0</wp:post_parent>
		<wp:menu_order>0</wp:menu_order>
		<wp:post_type><![CDATA[attachment]]></wp:post_type>
		<wp:post_password><![CDATA[]]></wp:post_password>
		<wp:is_sticky>0</wp:is_sticky>
		<wp:attachment_url><![CDATA[http://motors.stylemixthemes.com/demo/wp-content/uploads/revslider/service_home_slider/mechanic_.jpg]]></wp:attachment_url>
		<wp:postmeta>
			<wp:meta_key><![CDATA[_wp_attached_file]]></wp:meta_key>
			<wp:meta_value><![CDATA[revslider/service_home_slider/mechanic_.jpg]]></wp:meta_value>
		</wp:postmeta>
		<wp:postmeta>
			<wp:meta_key><![CDATA[_wp_attachment_metadata]]></wp:meta_key>
			<wp:meta_value><![CDATA[a:5:{s:5:"width";i:1963;s:6:"height";i:645;s:4:"file";s:43:"revslider/service_home_slider/mechanic_.jpg";s:5:"sizes";a:15:{s:9:"thumbnail";a:4:{s:4:"file";s:21:"mechanic_-150x150.jpg";s:5:"width";i:150;s:6:"height";i:150;s:9:"mime-type";s:10:"image/jpeg";}s:6:"medium";a:4:{s:4:"file";s:20:"mechanic_-300x99.jpg";s:5:"width";i:300;s:6:"height";i:99;s:9:"mime-type";s:10:"image/jpeg";}s:12:"medium_large";a:4:{s:4:"file";s:21:"mechanic_-768x252.jpg";s:5:"width";i:768;s:6:"height";i:252;s:9:"mime-type";s:10:"image/jpeg";}s:5:"large";a:4:{s:4:"file";s:22:"mechanic_-1024x336.jpg";s:5:"width";i:1024;s:6:"height";i:336;s:9:"mime-type";s:10:"image/jpeg";}s:14:"shop_thumbnail";a:4:{s:4:"file";s:21:"mechanic_-180x180.jpg";s:5:"width";i:180;s:6:"height";i:180;s:9:"mime-type";s:10:"image/jpeg";}s:12:"shop_catalog";a:4:{s:4:"file";s:21:"mechanic_-300x300.jpg";s:5:"width";i:300;s:6:"height";i:300;s:9:"mime-type";s:10:"image/jpeg";}s:11:"shop_single";a:4:{s:4:"file";s:21:"mechanic_-600x600.jpg";s:5:"width";i:600;s:6:"height";i:600;s:9:"mime-type";s:10:"image/jpeg";}s:16:"stm-img-1110-577";a:4:{s:4:"file";s:22:"mechanic_-1110x577.jpg";s:5:"width";i:1110;s:6:"height";i:577;s:9:"mime-type";s:10:"image/jpeg";}s:15:"stm-img-796-466";a:4:{s:4:"file";s:21:"mechanic_-798x466.jpg";s:5:"width";i:798;s:6:"height";i:466;s:9:"mime-type";s:10:"image/jpeg";}s:15:"stm-img-350-205";a:4:{s:4:"file";s:21:"mechanic_-350x205.jpg";s:5:"width";i:350;s:6:"height";i:205;s:9:"mime-type";s:10:"image/jpeg";}s:15:"stm-img-350-356";a:4:{s:4:"file";s:21:"mechanic_-350x356.jpg";s:5:"width";i:350;s:6:"height";i:356;s:9:"mime-type";s:10:"image/jpeg";}s:15:"stm-img-350-181";a:4:{s:4:"file";s:21:"mechanic_-350x181.jpg";s:5:"width";i:350;s:6:"height";i:181;s:9:"mime-type";s:10:"image/jpeg";}s:15:"stm-img-398-206";a:4:{s:4:"file";s:21:"mechanic_-398x206.jpg";s:5:"width";i:398;s:6:"height";i:206;s:9:"mime-type";s:10:"image/jpeg";}s:15:"stm-img-255-135";a:4:{s:4:"file";s:21:"mechanic_-255x135.jpg";s:5:"width";i:255;s:6:"height";i:135;s:9:"mime-type";s:10:"image/jpeg";}s:15:"stm-img-190-132";a:4:{s:4:"file";s:21:"mechanic_-190x132.jpg";s:5:"width";i:190;s:6:"height";i:132;s:9:"mime-type";s:10:"image/jpeg";}}s:10:"image_meta";a:12:{s:8:"aperture";i:0;s:6:"credit";s:0:"";s:6:"camera";s:0:"";s:7:"caption";s:0:"";s:17:"created_timestamp";i:0;s:9:"copyright";s:0:"";s:12:"focal_length";i:0;s:3:"iso";i:0;s:13:"shutter_speed";i:0;s:5:"title";s:0:"";s:11:"orientation";i:0;s:8:"keywords";a:0:{}}}]]></wp:meta_value>
		</wp:postmeta>
	</item>
</channel>
</rss>
