{
  "boats_header_layout": "car_dealer",
  "top_bar_enable": false,
  "header_bg_color": "#0e1315",
  "header_socials_enable": "facebook,instagram,google-plus,youtube-play",
  "socials_link": "facebook=%23&twitter=&vk=&instagram=%23&behance=&dribbble=&flickr=&git=&linkedin=&pinterest=&yahoo=&delicious=&dropbox=&reddit=&soundcloud=&google=&google-plus=%23&skype=&youtube=&youtube-play=%23&tumblr=&whatsapp=",
  "logo_width": "126",
  "typography_body_color": "#ffffff",
  "typography_menu_color": "#ffffff",
  "typography_heading_color": "#ffffff",
  "listing_directory_title_frontend": "{category_type} {condition} {ca-year} {make} {serie}",
  "show_test_drive": true,
  "show_compare": true,
  "show_share": true,
  "listing_archive": "639",
  "listing_directory_title_default": "Vehicles for sale",
  "show_listing_stock": true,
  "show_listing_compare": true,
  "show_listing_test_drive": true,
  "show_listing_quote": false,
  "show_listing_trade": false,
  "show_listing_calculate": false,
  "show_listing_vin": true,
  "listing_grid_choices": "9,12,18,27",
  "listing_grid_choice": "12",
}